﻿<?xml version="1.0" encoding="utf-8"?>
<doc>
  <assembly>
    <name>Microsoft.Owin.Security</name>
  </assembly>
  <members>
    <member name="T:Microsoft.Owin.Security.AppBuilderSecurityExtensions">
      <summary>Udostępnia metody rozszerzenia dla wartości app.Property, które są wymagane tylko przez implementacje oprogramowania pośredniczącego uwierzytelniania.</summary>
    </member>
    <member name="M:Microsoft.Owin.Security.AppBuilderSecurityExtensions.GetDefaultSignInAsAuthenticationType(Owin.IAppBuilder)">
      <summary>Zwraca wcześniej ustawiony typ AuthenticationType, którego zewnętrzny podpis w oprogramowaniu pośredniczącym powinien użyć, gdy przeglądarka wraca do swojego powrotnego adresu URL.</summary>
      <param name="app">Konstruktor aplikacji przekazany do kodu uruchamiania aplikacji</param>
    </member>
    <member name="M:Microsoft.Owin.Security.AppBuilderSecurityExtensions.SetDefaultSignInAsAuthenticationType(Owin.IAppBuilder,System.String)">
      <summary>Wywoływany przez oprogramowanie pośredniczące w celu zmiany nazwy typu AuthenticationType, którego zewnętrzne oprogramowanie pośredniczące powinno użyć, gdy przeglądarka wraca do swojego powrotnego adresu URL.</summary>
      <param name="app">Konstruktor aplikacji przekazany do kodu uruchamiania aplikacji</param>
      <param name="authenticationType">Typ AuthenticationType, który powinien zostać podpisany przez oprogramowanie pośredniczące.</param>
    </member>
    <member name="T:Microsoft.Owin.Security.AuthenticationMode">
      <summary>Steruje zachowaniem oprogramowania pośredniczącego uwierzytelniania</summary>
    </member>
    <member name="F:Microsoft.Owin.Security.AuthenticationMode.Active">
      <summary>W trybie aktywnym oprogramowanie pośredniczące uwierzytelniania zmieni tożsamość użytkownika, gdy dotrze żądanie, oraz zmieni również zwykły element 401 przy wychodzeniu odpowiedzi.</summary>
    </member>
    <member name="F:Microsoft.Owin.Security.AuthenticationMode.Passive">
      <summary>W trybie pasywnym oprogramowanie pośredniczące uwierzytelnienia udostępni jedynie tożsamość użytkownika po uzyskaniu zapytania i zmieni odpowiedzi 401 tylko tam, gdzie typ uwierzytelniania nazwał dodatkowe dane żądania.</summary>
    </member>
    <member name="T:Microsoft.Owin.Security.AuthenticationOptions">
      <summary>Opcje podstawowe dla całego oprogramowania pośredniczącego uwierzytelniania</summary>
    </member>
    <member name="M:Microsoft.Owin.Security.AuthenticationOptions.#ctor(System.String)">
      <summary>Inicjuje właściwości klasy podstawowej AuthenticationOptions</summary>
      <param name="authenticationType">Przypisywane do właściwości AuthenticationType</param>
    </member>
    <member name="P:Microsoft.Owin.Security.AuthenticationOptions.AuthenticationMode">
      <summary>Jeśli element jest aktywny, oprogramowanie pośredniczące uwierzytelniania zmieni użytkownika żądania wchodzącego oraz zmieni wychodzące odpowiedzi 401 Unauthorized.Jeśli element jest pasywny, oprogramowanie pośredniczące uwierzytelniania zapewni jedynie tożsamość i zmieni odpowiedzi, gdy jest to wyraźnie wskazane przez element AuthenticationType.</summary>
    </member>
    <member name="P:Microsoft.Owin.Security.AuthenticationOptions.AuthenticationType">
      <summary>Element AuthenticationType w opcjach odpowiada właściwości AuthenticationType tożsamości.Można przypisać inną wartość, aby użyć tego samego typu oprogramowania pośredniczącego uwierzytelniania więcej niż raz w potoku.</summary>
    </member>
    <member name="P:Microsoft.Owin.Security.AuthenticationOptions.Description">
      <summary>Dodatkowe informacje o typie uwierzytelniania, który jest udostępniony aplikacji.</summary>
    </member>
    <member name="T:Microsoft.Owin.Security.AuthenticationTicket">
      <summary>Zawiera informacje o tożsamości użytkownika oraz dodatkowy stan uwierzytelniania.</summary>
    </member>
    <member name="M:Microsoft.Owin.Security.AuthenticationTicket.#ctor(System.Security.Claims.ClaimsIdentity,Microsoft.Owin.Security.AuthenticationProperties)">
      <summary>Inicjuje nowe wystąpienie klasy <see cref="T:Microsoft.Owin.Security.AuthenticationTicket" /></summary>
    </member>
    <member name="P:Microsoft.Owin.Security.AuthenticationTicket.Identity">
      <summary>Pobiera tożsamość uwierzytelnionego użytkownika.</summary>
    </member>
    <member name="P:Microsoft.Owin.Security.AuthenticationTicket.Properties">
      <summary>Dodatkowe wartości stanu dla sesji uwierzytelniania.</summary>
    </member>
    <member name="T:Microsoft.Owin.Security.CertificateSubjectKeyIdentifierValidator">
      <summary>Udostępnia weryfikację przypiętego certyfikatu na podstawie identyfikatora klucza podmiotu certyfikatu.</summary>
    </member>
    <member name="M:Microsoft.Owin.Security.CertificateSubjectKeyIdentifierValidator.#ctor(System.Collections.Generic.IEnumerable{System.String})">
      <summary>Inicjuje nowe wystąpienie klasy <see cref="T:Microsoft.Owin.Security.CertificateSubjectKeyIdentifierValidator" />.</summary>
      <param name="validSubjectKeyIdentifiers">Zestaw identyfikatorów klucza podmiotu, które są odpowiednie dla żądania HTTPS.</param>
    </member>
    <member name="M:Microsoft.Owin.Security.CertificateSubjectKeyIdentifierValidator.Validate(System.Object,System.Security.Cryptography.X509Certificates.X509Certificate,System.Security.Cryptography.X509Certificates.X509Chain,System.Net.Security.SslPolicyErrors)">
      <summary>Weryfikuje zdalny certyfikat SSL (Secure Sockets Layer) używany do uwierzytelniania.</summary>
      <returns>Wartość logiczna określająca, czy określony certyfikat jest akceptowany w celu uwierzytelniania.</returns>
      <param name="sender">Obiekt zawierający informacje o stanie dla tej weryfikacji.</param>
      <param name="certificate">Certyfikat używany do uwierzytelniania obiektu zdalnego.</param>
      <param name="chain">Łańcuch urzędów certyfikacji skojarzony z certyfikatem zdalnym.</param>
      <param name="sslPolicyErrors">Jeden lub więcej błędów skojarzonych z certyfikatem zdalnym.</param>
    </member>
    <member name="T:Microsoft.Owin.Security.CertificateSubjectPublicKeyInfoValidator">
      <summary>Implementuje moduł weryfikacji przypiętych certyfikatów przedstawiony na stronie http://datatracker.ietf.org/doc/draft-ietf-websec-key-pinning/?include_text=1</summary>
    </member>
    <member name="M:Microsoft.Owin.Security.CertificateSubjectPublicKeyInfoValidator.#ctor(System.Collections.Generic.IEnumerable{System.String},Microsoft.Owin.Security.SubjectPublicKeyInfoAlgorithm)">
      <summary>Inicjuje nowe wystąpienie klasy <see cref="T:Microsoft.Owin.Security.CertificateSubjectPublicKeyInfoValidator" />.</summary>
      <param name="validBase64EncodedSubjectPublicKeyInfoHashes">Kolekcja poprawnych skrótów kodowanych w formacie base64 dla obiektu blob informacji o kluczach publicznych certyfikatów.</param>
      <param name="algorithm">Algorytm używany do generowania skrótów.</param>
    </member>
    <member name="M:Microsoft.Owin.Security.CertificateSubjectPublicKeyInfoValidator.Validate(System.Object,System.Security.Cryptography.X509Certificates.X509Certificate,System.Security.Cryptography.X509Certificates.X509Chain,System.Net.Security.SslPolicyErrors)">
      <summary>Weryfikuje, czy co najmniej jeden skrót SPKI jest znany.</summary>
      <returns>Wartość logiczna określająca, czy określony certyfikat jest akceptowany w celu uwierzytelniania.</returns>
      <param name="sender">Obiekt zawierający informacje o stanie dla tej weryfikacji.</param>
      <param name="certificate">Certyfikat używany do uwierzytelniania obiektu zdalnego.</param>
      <param name="chain">Łańcuch urzędów certyfikacji skojarzony z certyfikatem zdalnym.</param>
      <param name="sslPolicyErrors">Jeden lub więcej błędów skojarzonych z certyfikatem zdalnym.</param>
    </member>
    <member name="T:Microsoft.Owin.Security.CertificateThumbprintValidator">
      <summary>Zapewnia weryfikację przypiętych certyfikatów na podstawie odcisku palca certyfikatu.</summary>
    </member>
    <member name="M:Microsoft.Owin.Security.CertificateThumbprintValidator.#ctor(System.Collections.Generic.IEnumerable{System.String})">
      <summary>Inicjuje nowe wystąpienie klasy <see cref="T:Microsoft.Owin.Security.CertificateThumbprintValidator" />.</summary>
      <param name="validThumbprints">Zestaw odcisków palca, które są poprawne dla żądania HTTPS.</param>
    </member>
    <member name="M:Microsoft.Owin.Security.CertificateThumbprintValidator.Validate(System.Object,System.Security.Cryptography.X509Certificates.X509Certificate,System.Security.Cryptography.X509Certificates.X509Chain,System.Net.Security.SslPolicyErrors)">
      <summary>Weryfikuje, czy odciski palca certyfikatów w łańcuchu podpisywania są zgodne z co najmniej jednym odciskiem palca znajdującym się na białej liście.</summary>
      <returns>Wartość logiczna określająca, czy określony certyfikat jest akceptowany w celu uwierzytelniania.</returns>
      <param name="sender">Obiekt zawierający informacje o stanie dla tej weryfikacji.</param>
      <param name="certificate">Certyfikat używany do uwierzytelniania obiektu zdalnego.</param>
      <param name="chain">Łańcuch urzędów certyfikacji skojarzony z certyfikatem zdalnym.</param>
      <param name="sslPolicyErrors">Jeden lub więcej błędów skojarzonych z certyfikatem zdalnym.</param>
    </member>
    <member name="T:Microsoft.Owin.Security.ICertificateValidator">
      <summary>Interfejs zapewniający weryfikację przypiętych certyfikatów przez sprawdzanie komunikacji protokołu HTTPS przy użyciu znanej prawidłowej listy certyfikatów w celu ochrony przed wydawaniem certyfikatów dla hostów bez wiedzy właściciela hosta przez urzędy certyfikacji, które są złośliwe lub mają naruszone zabezpieczenia.</summary>
    </member>
    <member name="M:Microsoft.Owin.Security.ICertificateValidator.Validate(System.Object,System.Security.Cryptography.X509Certificates.X509Certificate,System.Security.Cryptography.X509Certificates.X509Chain,System.Net.Security.SslPolicyErrors)">
      <summary>Weryfikuje zdalny certyfikat SSL (Secure Sockets Layer) używany do uwierzytelniania.</summary>
      <returns>Wartość logiczna określająca, czy określony certyfikat jest akceptowany w celu uwierzytelniania.</returns>
      <param name="sender">Obiekt zawierający informacje o stanie dla tej weryfikacji.</param>
      <param name="certificate">Certyfikat używany do uwierzytelniania obiektu zdalnego.</param>
      <param name="chain">Łańcuch urzędów certyfikacji skojarzony z certyfikatem zdalnym.</param>
      <param name="sslPolicyErrors">Jeden lub więcej błędów skojarzonych z certyfikatem zdalnym.</param>
    </member>
    <member name="T:Microsoft.Owin.Security.ISecureDataFormat`1">
      <summary>Reprezentuje do zabezpieczenia.</summary>
      <typeparam name="TData">Dane typu ogólnego.</typeparam>
    </member>
    <member name="M:Microsoft.Owin.Security.ISecureDataFormat`1.Protect(`0)">
      <summary>Chroni dane tak, aby nie można ich było sformatować.</summary>
      <returns>Dane do chronienia.</returns>
      <param name="data">Dane.</param>
    </member>
    <member name="M:Microsoft.Owin.Security.ISecureDataFormat`1.Unprotect(System.String)">
      <summary>Odszyfrowuje dane w określonym tekście.</summary>
      <returns>Dane do odszyfrowania.</returns>
      <param name="protectedText">Chroniony tekst.</param>
    </member>
    <member name="T:Microsoft.Owin.Security.SubjectPublicKeyInfoAlgorithm">
      <summary>Algorytm używany do generowania skrótów obiektu blob na podstawie informacji o kluczu publicznym podmiotu.</summary>
    </member>
    <member name="F:Microsoft.Owin.Security.SubjectPublicKeyInfoAlgorithm.Sha1">
      <summary />
    </member>
    <member name="F:Microsoft.Owin.Security.SubjectPublicKeyInfoAlgorithm.Sha256">
      <summary />
    </member>
    <member name="T:Microsoft.Owin.Security.DataHandler.PropertiesDataFormat"></member>
    <member name="M:Microsoft.Owin.Security.DataHandler.PropertiesDataFormat.#ctor(Microsoft.Owin.Security.DataProtection.IDataProtector)"></member>
    <member name="T:Microsoft.Owin.Security.DataHandler.SecureDataFormat`1">
      <typeparam name="TData"></typeparam>
    </member>
    <member name="M:Microsoft.Owin.Security.DataHandler.SecureDataFormat`1.#ctor(Microsoft.Owin.Security.DataHandler.Serializer.IDataSerializer{`0},Microsoft.Owin.Security.DataProtection.IDataProtector,Microsoft.Owin.Security.DataHandler.Encoder.ITextEncoder)"></member>
    <member name="M:Microsoft.Owin.Security.DataHandler.SecureDataFormat`1.Protect(`0)"></member>
    <member name="M:Microsoft.Owin.Security.DataHandler.SecureDataFormat`1.Unprotect(System.String)"></member>
    <member name="T:Microsoft.Owin.Security.DataHandler.TicketDataFormat"></member>
    <member name="M:Microsoft.Owin.Security.DataHandler.TicketDataFormat.#ctor(Microsoft.Owin.Security.DataProtection.IDataProtector)"></member>
    <member name="T:Microsoft.Owin.Security.DataHandler.Encoder.Base64TextEncoder">
      <summary>Reprezentuje koder formatu tekstowego base64.</summary>
    </member>
    <member name="M:Microsoft.Owin.Security.DataHandler.Encoder.Base64TextEncoder.#ctor">
      <summary>Inicjuje nowe wystąpienie klasy <see cref="T:Microsoft.Owin.Security.DataHandler.Encoder.Base64TextEncoder" />.</summary>
    </member>
    <member name="M:Microsoft.Owin.Security.DataHandler.Encoder.Base64TextEncoder.Decode(System.String)">
      <summary>Dekoduje określony tekst.</summary>
      <returns>Klasa <see cref="T:System.Byte" /> reprezentująca dekodowane dane.</returns>
      <param name="text">Tekst do odkodowania.</param>
    </member>
    <member name="M:Microsoft.Owin.Security.DataHandler.Encoder.Base64TextEncoder.Encode(System.Byte[])">
      <summary>Konwertuje dane na ciąg w formacie base64.</summary>
      <returns>Ciąg danych skonwertowanych do formatu base64.</returns>
      <param name="data">Dane do konwertowania.</param>
    </member>
    <member name="T:Microsoft.Owin.Security.DataHandler.Encoder.Base64UrlTextEncoder">
      <summary>Reprezentuje koder formatu tekstowego Base64Url.</summary>
    </member>
    <member name="M:Microsoft.Owin.Security.DataHandler.Encoder.Base64UrlTextEncoder.#ctor">
      <summary>Inicjuje nowe wystąpienie klasy <see cref="T:Microsoft.Owin.Security.DataHandler.Encoder.Base64UrlTextEncoder" />.</summary>
    </member>
    <member name="M:Microsoft.Owin.Security.DataHandler.Encoder.Base64UrlTextEncoder.Decode(System.String)">
      <summary>Dekoduje określony tekst.</summary>
      <returns>Klasa <see cref="T:System.Byte" /> reprezentująca dekodowane dane.</returns>
      <param name="text">Tekst do odkodowania.</param>
    </member>
    <member name="M:Microsoft.Owin.Security.DataHandler.Encoder.Base64UrlTextEncoder.Encode(System.Byte[])">
      <summary>Konwertuje dane na ciąg w formacie Base64Url.</summary>
      <returns>Ciąg danych skonwertowanych do formatu Base64Url.</returns>
      <param name="data">Dane do konwertowania.</param>
    </member>
    <member name="T:Microsoft.Owin.Security.DataHandler.Encoder.ITextEncoder">
      <summary>Reprezentuje interfejs dla kodera tekstu.</summary>
    </member>
    <member name="M:Microsoft.Owin.Security.DataHandler.Encoder.ITextEncoder.Decode(System.String)">
      <summary>Dekoduje określony tekst.</summary>
      <returns>Klasa <see cref="T:System.Byte" /> reprezentująca dekodowane dane.</returns>
      <param name="text">Tekst do odkodowania.</param>
    </member>
    <member name="M:Microsoft.Owin.Security.DataHandler.Encoder.ITextEncoder.Encode(System.Byte[])">
      <summary>Konwertuje dane na ciąg.</summary>
      <returns>Ciąg skonwertowanych danych.</returns>
      <param name="data">Dane do konwertowania.</param>
    </member>
    <member name="T:Microsoft.Owin.Security.DataHandler.Encoder.TextEncodings">
      <summary>Reprezentuje kodowania tekstu.</summary>
    </member>
    <member name="P:Microsoft.Owin.Security.DataHandler.Encoder.TextEncodings.Base64">
      <summary>Pobiera koder tekstu Base64.</summary>
      <returns>Koder tekstu Base64.</returns>
    </member>
    <member name="P:Microsoft.Owin.Security.DataHandler.Encoder.TextEncodings.Base64Url">
      <summary>Pobiera koder tekstu Base64Url.</summary>
      <returns>Koder tekstu Base64Url.</returns>
    </member>
    <member name="T:Microsoft.Owin.Security.DataHandler.Serializer.DataSerializers">
      <summary>Udostępnia serializatory danych.</summary>
    </member>
    <member name="P:Microsoft.Owin.Security.DataHandler.Serializer.DataSerializers.Properties"></member>
    <member name="P:Microsoft.Owin.Security.DataHandler.Serializer.DataSerializers.Ticket">
      <summary>Pobiera lub ustawia serializator danych biletu.</summary>
      <returns>Serializator danych biletu.</returns>
    </member>
    <member name="T:Microsoft.Owin.Security.DataHandler.Serializer.IDataSerializer`1">
      <summary>Reprezentuje interfejs dla serializatora danych.</summary>
      <typeparam name="TModel">Typ modelu danych.</typeparam>
    </member>
    <member name="M:Microsoft.Owin.Security.DataHandler.Serializer.IDataSerializer`1.Deserialize(System.Byte[])">
      <summary>Deserializuje określone dane.</summary>
      <param name="data">Dane do zdeserializowania.</param>
    </member>
    <member name="M:Microsoft.Owin.Security.DataHandler.Serializer.IDataSerializer`1.Serialize(`0)">
      <summary>Serializuje dane z danym modelem.</summary>
      <param name="model">Model danych.</param>
    </member>
    <member name="T:Microsoft.Owin.Security.DataHandler.Serializer.PropertiesSerializer"></member>
    <member name="M:Microsoft.Owin.Security.DataHandler.Serializer.PropertiesSerializer.#ctor"></member>
    <member name="M:Microsoft.Owin.Security.DataHandler.Serializer.PropertiesSerializer.Deserialize(System.Byte[])"></member>
    <member name="M:Microsoft.Owin.Security.DataHandler.Serializer.PropertiesSerializer.Read(System.IO.BinaryReader)"></member>
    <member name="M:Microsoft.Owin.Security.DataHandler.Serializer.PropertiesSerializer.Serialize(Microsoft.Owin.Security.AuthenticationProperties)"></member>
    <member name="M:Microsoft.Owin.Security.DataHandler.Serializer.PropertiesSerializer.Write(System.IO.BinaryWriter,Microsoft.Owin.Security.AuthenticationProperties)"></member>
    <member name="T:Microsoft.Owin.Security.DataHandler.Serializer.TicketSerializer">
      <summary>Reprezentuje serializator biletu.</summary>
    </member>
    <member name="M:Microsoft.Owin.Security.DataHandler.Serializer.TicketSerializer.#ctor">
      <summary>Inicjuje nowe wystąpienie klasy <see cref="T:Microsoft.Owin.Security.DataHandler.Serializer.TicketSerializer" />.</summary>
    </member>
    <member name="M:Microsoft.Owin.Security.DataHandler.Serializer.TicketSerializer.Deserialize(System.Byte[])">
      <summary>Deserializuje dane biletu.</summary>
      <returns>Deserializowane dane.</returns>
      <param name="data">Dane do zdeserializowania.</param>
    </member>
    <member name="M:Microsoft.Owin.Security.DataHandler.Serializer.TicketSerializer.Read(System.IO.BinaryReader)">
      <summary>Odczytuje określone dane z czytnika.</summary>
      <returns>Odczytywane dane.</returns>
      <param name="reader">Czytnik do odczytu.</param>
    </member>
    <member name="M:Microsoft.Owin.Security.DataHandler.Serializer.TicketSerializer.Serialize(Microsoft.Owin.Security.AuthenticationTicket)">
      <summary>Serializuje dane z danym modelem.</summary>
      <param name="model">Model danych.</param>
    </member>
    <member name="M:Microsoft.Owin.Security.DataHandler.Serializer.TicketSerializer.Write(System.IO.BinaryWriter,Microsoft.Owin.Security.AuthenticationTicket)">
      <summary>Zapisuje dane z określonego edytora.</summary>
      <param name="writer">Edytor.</param>
      <param name="model">Model danych.</param>
    </member>
    <member name="T:Microsoft.Owin.Security.DataProtection.AppBuilderExtensions">
      <summary>Rozszerzenia konstruktora aplikacji.</summary>
    </member>
    <member name="M:Microsoft.Owin.Security.DataProtection.AppBuilderExtensions.CreateDataProtector(Owin.IAppBuilder,System.String[])">
      <summary>Tworzy moduł ochrony danych.</summary>
      <returns>Utworzony element <see cref="T:Microsoft.Owin.Security.DataProtection.IDataProtector" />.</returns>
      <param name="app">Konstruktor aplikacji.</param>
      <param name="purposes">Lista celów do tworzenia modułu ochrony danych.</param>
    </member>
    <member name="M:Microsoft.Owin.Security.DataProtection.AppBuilderExtensions.GetDataProtectionProvider(Owin.IAppBuilder)">
      <summary>Pobiera dostawcę ochrony danych dla aplikacji.</summary>
      <returns>Obiekt <see cref="T:Microsoft.Owin.Security.DataProtection.IDataProtectionProvider" /> do pobrania.</returns>
      <param name="app">Konstruktor aplikacji.</param>
    </member>
    <member name="M:Microsoft.Owin.Security.DataProtection.AppBuilderExtensions.SetDataProtectionProvider(Owin.IAppBuilder,Microsoft.Owin.Security.DataProtection.IDataProtectionProvider)">
      <summary>Ustawia dostawcę ochrony danych.</summary>
      <param name="app">Konstruktor aplikacji.</param>
      <param name="dataProtectionProvider">Dostawca ochrony danych do ustawienia.</param>
    </member>
    <member name="T:Microsoft.Owin.Security.DataProtection.DpapiDataProtectionProvider">
      <summary>Używane do zapewnienia usług zabezpieczania danych, pochodzących z interfejsu API ochrony danych.Jest to najlepszy wybór ochrony danych, gdy aplikacja nie jest hostowana przez platformę ASP.NET i wszystkie procesy są uruchomione jako ta sama tożsamość domeny.</summary>
    </member>
    <member name="M:Microsoft.Owin.Security.DataProtection.DpapiDataProtectionProvider.#ctor">
      <summary>Inicjuje nowy element DpapiDataProtectionProvider z losową nazwą aplikacji.Jest to przydatne tylko w celu ochrony danych podczas wykonywania bieżącej aplikacji.</summary>
    </member>
    <member name="M:Microsoft.Owin.Security.DataProtection.DpapiDataProtectionProvider.#ctor(System.String)">
      <summary>Inicjuje nowy element DpapiDataProtectionProvider, który używa danej wartości właściwości appName w algorytmie ochrony</summary>
      <param name="appName">Podawana przez użytkownika wartość potrzebna do przekazywania zabezpieczonych danych.Wartość domyślna pochodzi z elementu IAppBuilder.Properties["owin.AppName"] w przypadku samodzielnego hostingu.</param>
    </member>
    <member name="M:Microsoft.Owin.Security.DataProtection.DpapiDataProtectionProvider.Create(System.String[])">
      <summary>Zwraca nowe wystąpienie IDataProtection dla dostawcy.</summary>
      <returns>Wystąpienie usługi ochrony danych</returns>
      <param name="purposes">Dodatkowa entropia używana w celu zapewnienia, że zabezpieczone dane mogą być odbezpieczone wyłącznie w odpowiednim celu.</param>
    </member>
    <member name="T:Microsoft.Owin.Security.DataProtection.IDataProtectionProvider">
      <summary> Fabryka użyta do tworzenia wystąpień IDataProtection.</summary>
    </member>
    <member name="M:Microsoft.Owin.Security.DataProtection.IDataProtectionProvider.Create(System.String[])">
      <summary> Zwraca nowe wystąpienie IDataProtection dla dostawcy. </summary>
      <returns>Wystąpienie usługi ochrony danych.</returns>
      <param name="purposes">Dodatkowa entropia używana w celu zapewnienia, że zabezpieczone dane mogą być odbezpieczone wyłącznie w odpowiednim celu.</param>
    </member>
    <member name="T:Microsoft.Owin.Security.DataProtection.IDataProtector">
      <summary> Usługa używana do zabezpieczania i odbezpieczania danych.</summary>
    </member>
    <member name="M:Microsoft.Owin.Security.DataProtection.IDataProtector.Protect(System.Byte[])">
      <summary> Wywołana w celu zabezpieczenia danych użytkownika.</summary>
      <param name="userData">Początkowe dane muszą być zabezpieczone.</param>
    </member>
    <member name="M:Microsoft.Owin.Security.DataProtection.IDataProtector.Unprotect(System.Byte[])">
      <summary> Wywołana w celu odbezpieczenia danych użytkownika.</summary>
      <param name="protectedData">Tablica bajtów zwrócona przez wywołanie do zabezpieczenia identycznej usługi IDataProtection.</param>
    </member>
    <member name="T:Microsoft.Owin.Security.Infrastructure.AuthenticationHandler">
      <summary> Klasa podstawowa dla pracy na podstawie żądań wykonywanej przez większość oprogramowania pośredniczącego uwierzytelniania. </summary>
    </member>
    <member name="M:Microsoft.Owin.Security.Infrastructure.AuthenticationHandler.#ctor">
      <summary>Inicjuje nowe wystąpienie klasy <see cref="T:Microsoft.Owin.Security.Infrastructure.AuthenticationHandler" />.</summary>
    </member>
    <member name="M:Microsoft.Owin.Security.Infrastructure.AuthenticationHandler.ApplyResponseChallengeAsync">
      <summary>Przesłania tę metodę, aby obsłużyć uwagi żądania 401, jeśli schemat danego uwierzytelniania obsługuje interakcję uwierzytelniania w ramach swojego przepływu żądania.(np. dodawanie nagłówka odpowiedzi lub zmiana wyniku 401 na 302 strony logowania lub zewnętrznej lokalizacji logowania).</summary>
    </member>
    <member name="M:Microsoft.Owin.Security.Infrastructure.AuthenticationHandler.ApplyResponseCoreAsync">
      <summary>Podstawowa metoda, która może być zastąpiona przez program obsługi.Domyślnym zachowaniem jest wezwanie dwóch typowych działań odpowiedzi, jednego, które obsługuje uwagi dotyczące logowania/wylogowania oraz drugiego, które obsługuje żądania 401.</summary>
    </member>
    <member name="M:Microsoft.Owin.Security.Infrastructure.AuthenticationHandler.ApplyResponseGrantAsync">
      <summary>Przesłania tę metodę, aby obsłużyć uwagi dotyczące logowania/wylogowania, jeśli schemat danego uwierzytelniania obsługuje przyznawanie/odwoływanie w ramach swojego przepływu żądania.(np. ustawianie/usuwanie plików cookie)</summary>
    </member>
    <member name="M:Microsoft.Owin.Security.Infrastructure.AuthenticationHandler.AuthenticateAsync">
      <summary>Sprawia, że logika uwierzytelniania w elemencie AuthenticateCore jest wykonywana najwyżej jeden raz dla bieżącego żądania i zwraca wyniki.Wywołanie elementu Authenticate więcej niż jeden raz zawsze zwróci wartość początkową.Ta metoda zawsze powinna być wywoływana zamiast bezpośredniego wywoływania elementu AuthenticateCore.</summary>
      <returns>Dane biletu dostarczone przez logikę uwierzytelniania.</returns>
    </member>
    <member name="M:Microsoft.Owin.Security.Infrastructure.AuthenticationHandler.AuthenticateCoreAsync">
      <summary>Logika podstawowego uwierzytelniania, która musi być dostarczona przez program obsługujący.Będzie wywołana najwyżej jeden raz na każde żądanie.Nie wywołuje bezpośredni, ale zamiast tego wywołuje kodującą metodę uwierzytelniania.</summary>
      <returns>Dane biletu dostarczone przez logikę uwierzytelniania.</returns>
    </member>
    <member name="M:Microsoft.Owin.Security.Infrastructure.AuthenticationHandler.BaseInitializeAsync(Microsoft.Owin.Security.AuthenticationOptions,Microsoft.Owin.IOwinContext)"></member>
    <member name="P:Microsoft.Owin.Security.Infrastructure.AuthenticationHandler.Context"></member>
    <member name="M:Microsoft.Owin.Security.Infrastructure.AuthenticationHandler.GenerateCorrelationId(Microsoft.Owin.Security.AuthenticationProperties)"></member>
    <member name="P:Microsoft.Owin.Security.Infrastructure.AuthenticationHandler.Helper"></member>
    <member name="M:Microsoft.Owin.Security.Infrastructure.AuthenticationHandler.InitializeCoreAsync"></member>
    <member name="M:Microsoft.Owin.Security.Infrastructure.AuthenticationHandler.InvokeAsync">
      <summary>Wywoływane jeden raz przez typowy kod po inicjalizacji.Jeśli oprogramowanie pośredniczące uwierzytelniania odpowiada bezpośrednio określonym znanym ścieżkom, musi ono przesłonić ten wirtualny element, porównać ścieżkę żądania do swoich znanych ścieżek, przekazać odpowiednie informacje odpowiedzi i uzyskać wartość true, aby zatrzymać dalsze przetwarzanie.</summary>
      <returns>Zwrócenie wartości false spowoduje, że typowy kod wywoła następne oprogramowanie pośredniczące w wierszu.Zwrócenie wartości true spowoduje, że typowy kod rozpocznie asynchroniczny przebieg realizacji bez wywoływania pozostałego potoku oprogramowania pośredniczącego.</returns>
    </member>
    <member name="P:Microsoft.Owin.Security.Infrastructure.AuthenticationHandler.Request"></member>
    <member name="P:Microsoft.Owin.Security.Infrastructure.AuthenticationHandler.RequestPathBase"></member>
    <member name="P:Microsoft.Owin.Security.Infrastructure.AuthenticationHandler.Response"></member>
    <member name="M:Microsoft.Owin.Security.Infrastructure.AuthenticationHandler.TeardownCoreAsync"></member>
    <member name="M:Microsoft.Owin.Security.Infrastructure.AuthenticationHandler.ValidateCorrelationId(Microsoft.Owin.Security.AuthenticationProperties,Microsoft.Owin.Logging.ILogger)"></member>
    <member name="T:Microsoft.Owin.Security.Infrastructure.AuthenticationHandler`1">
      <summary>Klasa podstawowa dla pracy na podstawie żądań wykonywanej przez większość oprogramowania pośredniczącego uwierzytelniania.</summary>
      <typeparam name="TOptions">Określa typ właściwości AuthenticationOptions</typeparam>
    </member>
    <member name="M:Microsoft.Owin.Security.Infrastructure.AuthenticationHandler`1.#ctor">
      <summary>Inicjuje nowe wystąpienie klasy <see cref="T:Microsoft.Owin.Security.Infrastructure.AuthenticationHandler`1" />.</summary>
    </member>
    <member name="P:Microsoft.Owin.Security.Infrastructure.AuthenticationHandler`1.Options"></member>
    <member name="T:Microsoft.Owin.Security.Infrastructure.AuthenticationMiddleware`1">
      <summary>Reprezentuje oprogramowanie pośredniczące uwierzytelniania.</summary>
      <typeparam name="TOptions">Typ opcji uwierzytelnienia.</typeparam>
    </member>
    <member name="M:Microsoft.Owin.Security.Infrastructure.AuthenticationMiddleware`1.#ctor(Microsoft.Owin.OwinMiddleware,`0)">
      <summary>Inicjuje nowe wystąpienie klasy <see cref="T:Microsoft.Owin.Security.Infrastructure.AuthenticationMiddleware`1" />.</summary>
      <param name="next">Oprogramowanie pośredniczące następnej aplikacji OWIN.</param>
      <param name="options">Opcje uwierzytelniania.</param>
    </member>
    <member name="M:Microsoft.Owin.Security.Infrastructure.AuthenticationMiddleware`1.CreateHandler">
      <summary>Tworzy program obsługi uwierzytelniania.</summary>
      <returns>Utworzony element <see cref="T:Microsoft.Owin.Security.Infrastructure.AuthenticationHandler`1" />.</returns>
    </member>
    <member name="M:Microsoft.Owin.Security.Infrastructure.AuthenticationMiddleware`1.Invoke(Microsoft.Owin.IOwinContext)"></member>
    <member name="P:Microsoft.Owin.Security.Infrastructure.AuthenticationMiddleware`1.Options">
      <summary>Pobiera lub ustawia opcje uwierzytelnienia.</summary>
      <returns>Zadanie kończące uwierzytelnianie.</returns>
    </member>
    <member name="T:Microsoft.Owin.Security.Infrastructure.AuthenticationTokenCreateContext"></member>
    <member name="M:Microsoft.Owin.Security.Infrastructure.AuthenticationTokenCreateContext.#ctor(Microsoft.Owin.IOwinContext,Microsoft.Owin.Security.ISecureDataFormat{Microsoft.Owin.Security.AuthenticationTicket},Microsoft.Owin.Security.AuthenticationTicket)"></member>
    <member name="M:Microsoft.Owin.Security.Infrastructure.AuthenticationTokenCreateContext.SerializeTicket"></member>
    <member name="M:Microsoft.Owin.Security.Infrastructure.AuthenticationTokenCreateContext.SetToken(System.String)"></member>
    <member name="P:Microsoft.Owin.Security.Infrastructure.AuthenticationTokenCreateContext.Ticket"></member>
    <member name="P:Microsoft.Owin.Security.Infrastructure.AuthenticationTokenCreateContext.Token"></member>
    <member name="T:Microsoft.Owin.Security.Infrastructure.AuthenticationTokenProvider"></member>
    <member name="M:Microsoft.Owin.Security.Infrastructure.AuthenticationTokenProvider.#ctor"></member>
    <member name="M:Microsoft.Owin.Security.Infrastructure.AuthenticationTokenProvider.Create(Microsoft.Owin.Security.Infrastructure.AuthenticationTokenCreateContext)"></member>
    <member name="M:Microsoft.Owin.Security.Infrastructure.AuthenticationTokenProvider.CreateAsync(Microsoft.Owin.Security.Infrastructure.AuthenticationTokenCreateContext)"></member>
    <member name="P:Microsoft.Owin.Security.Infrastructure.AuthenticationTokenProvider.OnCreate"></member>
    <member name="P:Microsoft.Owin.Security.Infrastructure.AuthenticationTokenProvider.OnCreateAsync"></member>
    <member name="P:Microsoft.Owin.Security.Infrastructure.AuthenticationTokenProvider.OnReceive"></member>
    <member name="P:Microsoft.Owin.Security.Infrastructure.AuthenticationTokenProvider.OnReceiveAsync"></member>
    <member name="M:Microsoft.Owin.Security.Infrastructure.AuthenticationTokenProvider.Receive(Microsoft.Owin.Security.Infrastructure.AuthenticationTokenReceiveContext)"></member>
    <member name="M:Microsoft.Owin.Security.Infrastructure.AuthenticationTokenProvider.ReceiveAsync(Microsoft.Owin.Security.Infrastructure.AuthenticationTokenReceiveContext)"></member>
    <member name="T:Microsoft.Owin.Security.Infrastructure.AuthenticationTokenReceiveContext"></member>
    <member name="M:Microsoft.Owin.Security.Infrastructure.AuthenticationTokenReceiveContext.#ctor(Microsoft.Owin.IOwinContext,Microsoft.Owin.Security.ISecureDataFormat{Microsoft.Owin.Security.AuthenticationTicket},System.String)"></member>
    <member name="M:Microsoft.Owin.Security.Infrastructure.AuthenticationTokenReceiveContext.DeserializeTicket(System.String)"></member>
    <member name="M:Microsoft.Owin.Security.Infrastructure.AuthenticationTokenReceiveContext.SetTicket(Microsoft.Owin.Security.AuthenticationTicket)"></member>
    <member name="P:Microsoft.Owin.Security.Infrastructure.AuthenticationTokenReceiveContext.Ticket"></member>
    <member name="P:Microsoft.Owin.Security.Infrastructure.AuthenticationTokenReceiveContext.Token"></member>
    <member name="T:Microsoft.Owin.Security.Infrastructure.IAuthenticationTokenProvider"></member>
    <member name="M:Microsoft.Owin.Security.Infrastructure.IAuthenticationTokenProvider.Create(Microsoft.Owin.Security.Infrastructure.AuthenticationTokenCreateContext)"></member>
    <member name="M:Microsoft.Owin.Security.Infrastructure.IAuthenticationTokenProvider.CreateAsync(Microsoft.Owin.Security.Infrastructure.AuthenticationTokenCreateContext)"></member>
    <member name="M:Microsoft.Owin.Security.Infrastructure.IAuthenticationTokenProvider.Receive(Microsoft.Owin.Security.Infrastructure.AuthenticationTokenReceiveContext)"></member>
    <member name="M:Microsoft.Owin.Security.Infrastructure.IAuthenticationTokenProvider.ReceiveAsync(Microsoft.Owin.Security.Infrastructure.AuthenticationTokenReceiveContext)"></member>
    <member name="T:Microsoft.Owin.Security.Infrastructure.SecurityHelper">
      <summary>Kod pomocniczy używany przy implementacji oprogramowania pośredniczącego uwierzytelniania</summary>
    </member>
    <member name="M:Microsoft.Owin.Security.Infrastructure.SecurityHelper.#ctor(Microsoft.Owin.IOwinContext)">
      <summary>Kod pomocniczy używany przy implementacji oprogramowania pośredniczącego uwierzytelniania</summary>
    </member>
    <member name="M:Microsoft.Owin.Security.Infrastructure.SecurityHelper.AddUserIdentity(System.Security.Principal.IIdentity)">
      <summary>Dodaje dodatkowy element ClaimsIdentity do elementu ClaimsPrincipal w kluczu środowiska „server.User”.</summary>
    </member>
    <member name="M:Microsoft.Owin.Security.Infrastructure.SecurityHelper.Equals(Microsoft.Owin.Security.Infrastructure.SecurityHelper)"></member>
    <member name="M:Microsoft.Owin.Security.Infrastructure.SecurityHelper.Equals(System.Object)"></member>
    <member name="M:Microsoft.Owin.Security.Infrastructure.SecurityHelper.GetHashCode"></member>
    <member name="M:Microsoft.Owin.Security.Infrastructure.SecurityHelper.LookupChallenge(System.String,Microsoft.Owin.Security.AuthenticationMode)">
      <summary>Znajduje szczegóły żądania odpowiedzi dla określonego oprogramowania pośredniczącego uwierzytelniania</summary>
      <returns>Informacje zawierające instrukcje dotyczące zachowania oprogramowania pośredniczącego</returns>
      <param name="authenticationType">Typ uwierzytelniania do wyszukania</param>
      <param name="authenticationMode">Tryb uwierzytelniania, w którym działa oprogramowanie pośredniczące</param>
    </member>
    <member name="M:Microsoft.Owin.Security.Infrastructure.SecurityHelper.LookupSignIn(System.String)">
      <summary>Znajduje szczegóły logowania odpowiedzi dla określonego oprogramowania pośredniczącego uwierzytelniania</summary>
      <returns>Informacje zawierające instrukcje dotyczące zachowania oprogramowania pośredniczącego</returns>
      <param name="authenticationType">Typ uwierzytelniania do wyszukania</param>
    </member>
    <member name="M:Microsoft.Owin.Security.Infrastructure.SecurityHelper.LookupSignOut(System.String,Microsoft.Owin.Security.AuthenticationMode)">
      <summary>Znajduje szczegóły wylogowania odpowiedzi dla określonego oprogramowania pośredniczącego uwierzytelniania</summary>
      <returns>Informacje zawierające instrukcje dotyczące zachowania oprogramowania pośredniczącego</returns>
      <param name="authenticationType">Typ uwierzytelniania do wyszukania</param>
      <param name="authenticationMode">Tryb uwierzytelniania, w którym działa oprogramowanie pośredniczące</param>
    </member>
    <member name="M:Microsoft.Owin.Security.Infrastructure.SecurityHelper.op_Equality(Microsoft.Owin.Security.Infrastructure.SecurityHelper,Microsoft.Owin.Security.Infrastructure.SecurityHelper)"></member>
    <member name="M:Microsoft.Owin.Security.Infrastructure.SecurityHelper.op_Inequality(Microsoft.Owin.Security.Infrastructure.SecurityHelper,Microsoft.Owin.Security.Infrastructure.SecurityHelper)"></member>
    <member name="T:Microsoft.Owin.Security.Notifications.AuthenticationFailedNotification`2">
      <typeparam name="TMessage"></typeparam>
      <typeparam name="TOptions"></typeparam>
    </member>
    <member name="M:Microsoft.Owin.Security.Notifications.AuthenticationFailedNotification`2.#ctor(Microsoft.Owin.IOwinContext,`1)"></member>
    <member name="P:Microsoft.Owin.Security.Notifications.AuthenticationFailedNotification`2.Exception"></member>
    <member name="P:Microsoft.Owin.Security.Notifications.AuthenticationFailedNotification`2.ProtocolMessage"></member>
    <member name="T:Microsoft.Owin.Security.Notifications.BaseNotification`1">
      <typeparam name="TOptions"></typeparam>
    </member>
    <member name="M:Microsoft.Owin.Security.Notifications.BaseNotification`1.#ctor(Microsoft.Owin.IOwinContext,`0)"></member>
    <member name="P:Microsoft.Owin.Security.Notifications.BaseNotification`1.HandledResponse"></member>
    <member name="M:Microsoft.Owin.Security.Notifications.BaseNotification`1.HandleResponse">
      <summary>Przerwanie przetwarzania tego żądania i powrót do klienta.Obiekt wywołujący jest odpowiedzialny za wygenerowanie pełnej odpowiedzi.</summary>
    </member>
    <member name="P:Microsoft.Owin.Security.Notifications.BaseNotification`1.Skipped"></member>
    <member name="M:Microsoft.Owin.Security.Notifications.BaseNotification`1.SkipToNextMiddleware">
      <summary>Przerwanie przetwarzania żądania w bieżącym oprogramowaniu pośredniczącym i przekazanie sterowania do następnego oprogramowania pośredniczącego.</summary>
    </member>
    <member name="P:Microsoft.Owin.Security.Notifications.BaseNotification`1.State"></member>
    <member name="T:Microsoft.Owin.Security.Notifications.MessageReceivedNotification`2">
      <typeparam name="TMessage"></typeparam>
      <typeparam name="TOptions"></typeparam>
    </member>
    <member name="M:Microsoft.Owin.Security.Notifications.MessageReceivedNotification`2.#ctor(Microsoft.Owin.IOwinContext,`1)"></member>
    <member name="P:Microsoft.Owin.Security.Notifications.MessageReceivedNotification`2.ProtocolMessage"></member>
    <member name="T:Microsoft.Owin.Security.Notifications.NotificationResultState"></member>
    <member name="F:Microsoft.Owin.Security.Notifications.NotificationResultState.Continue">
      <summary>Kontynuowanie normalnego przetwarzania.</summary>
    </member>
    <member name="F:Microsoft.Owin.Security.Notifications.NotificationResultState.HandledResponse">
      <summary>Przerwanie przetwarzania tego żądania.</summary>
    </member>
    <member name="F:Microsoft.Owin.Security.Notifications.NotificationResultState.Skipped">
      <summary>Przerwanie przetwarzania żądania w bieżącym oprogramowaniu pośredniczącym i przekazanie sterowania do następnego oprogramowania pośredniczącego.</summary>
    </member>
    <member name="T:Microsoft.Owin.Security.Notifications.RedirectToIdentityProviderNotification`2">
      <typeparam name="TMessage"></typeparam>
      <typeparam name="TOptions"></typeparam>
    </member>
    <member name="M:Microsoft.Owin.Security.Notifications.RedirectToIdentityProviderNotification`2.#ctor(Microsoft.Owin.IOwinContext,`1)"></member>
    <member name="P:Microsoft.Owin.Security.Notifications.RedirectToIdentityProviderNotification`2.HandledResponse"></member>
    <member name="M:Microsoft.Owin.Security.Notifications.RedirectToIdentityProviderNotification`2.HandleResponse">
      <summary>Przerwanie przetwarzania tego żądania i powrót do klienta.Obiekt wywołujący jest odpowiedzialny za wygenerowanie pełnej odpowiedzi.</summary>
    </member>
    <member name="P:Microsoft.Owin.Security.Notifications.RedirectToIdentityProviderNotification`2.ProtocolMessage"></member>
    <member name="P:Microsoft.Owin.Security.Notifications.RedirectToIdentityProviderNotification`2.State"></member>
    <member name="T:Microsoft.Owin.Security.Notifications.SecurityTokenReceivedNotification`2">
      <typeparam name="TMessage"></typeparam>
      <typeparam name="TOptions"></typeparam>
    </member>
    <member name="M:Microsoft.Owin.Security.Notifications.SecurityTokenReceivedNotification`2.#ctor(Microsoft.Owin.IOwinContext,`1)"></member>
    <member name="P:Microsoft.Owin.Security.Notifications.SecurityTokenReceivedNotification`2.ProtocolMessage"></member>
    <member name="T:Microsoft.Owin.Security.Notifications.SecurityTokenValidatedNotification`2">
      <typeparam name="TMessage"></typeparam>
      <typeparam name="TOptions"></typeparam>
    </member>
    <member name="M:Microsoft.Owin.Security.Notifications.SecurityTokenValidatedNotification`2.#ctor(Microsoft.Owin.IOwinContext,`1)"></member>
    <member name="P:Microsoft.Owin.Security.Notifications.SecurityTokenValidatedNotification`2.AuthenticationTicket">
      <summary>Pobiera lub ustawia element <see cref="P:Microsoft.Owin.Security.Notifications.SecurityTokenValidatedNotification`2.AuthenticationTicket" /></summary>
    </member>
    <member name="P:Microsoft.Owin.Security.Notifications.SecurityTokenValidatedNotification`2.ProtocolMessage">
      <summary>Pobiera lub ustawia komunikat protokołu</summary>
    </member>
    <member name="T:Microsoft.Owin.Security.Provider.BaseContext">
      <summary>Reprezentuje kontekst podstawowy.</summary>
    </member>
    <member name="M:Microsoft.Owin.Security.Provider.BaseContext.#ctor(Microsoft.Owin.IOwinContext)"></member>
    <member name="P:Microsoft.Owin.Security.Provider.BaseContext.OwinContext"></member>
    <member name="P:Microsoft.Owin.Security.Provider.BaseContext.Request"></member>
    <member name="P:Microsoft.Owin.Security.Provider.BaseContext.Response"></member>
    <member name="T:Microsoft.Owin.Security.Provider.BaseContext`1">
      <summary>Klasa podstawowa używana do pewnych kontekstów zdarzeń</summary>
      <typeparam name="TOptions"></typeparam>
    </member>
    <member name="M:Microsoft.Owin.Security.Provider.BaseContext`1.#ctor(Microsoft.Owin.IOwinContext,`0)"></member>
    <member name="P:Microsoft.Owin.Security.Provider.BaseContext`1.Options"></member>
    <member name="P:Microsoft.Owin.Security.Provider.BaseContext`1.OwinContext"></member>
    <member name="P:Microsoft.Owin.Security.Provider.BaseContext`1.Request"></member>
    <member name="P:Microsoft.Owin.Security.Provider.BaseContext`1.Response"></member>
    <member name="T:Microsoft.Owin.Security.Provider.EndpointContext">
      <summary>Reprezentuje kontekst punktu końcowego.</summary>
    </member>
    <member name="M:Microsoft.Owin.Security.Provider.EndpointContext.#ctor(Microsoft.Owin.IOwinContext)"></member>
    <member name="P:Microsoft.Owin.Security.Provider.EndpointContext.IsRequestCompleted">
      <summary>Pobiera lub ustawia wartość wskazującą, czy żądanie dla tego kontekstu jest zakończone.</summary>
      <returns>Wartość true, jeśli żądanie dla tego kontekstu jest zakończone, w przeciwnym razie wartość false.</returns>
    </member>
    <member name="M:Microsoft.Owin.Security.Provider.EndpointContext.RequestCompleted">
      <summary>Wskazuje zakończone żądane dla kontekstu.</summary>
    </member>
    <member name="T:Microsoft.Owin.Security.Provider.EndpointContext`1">
      <summary>Klasa podstawowa używana do pewnych kontekstów zdarzeń</summary>
      <typeparam name="TOptions"></typeparam>
    </member>
    <member name="M:Microsoft.Owin.Security.Provider.EndpointContext`1.#ctor(Microsoft.Owin.IOwinContext,`0)">
      <summary>Tworzy wystąpienie tego kontekstu.</summary>
    </member>
    <member name="P:Microsoft.Owin.Security.Provider.EndpointContext`1.IsRequestCompleted">
      <summary>Wartość true, jeśli żądanie nie powinno być dalej przetwarzane przez inne składniki.</summary>
    </member>
    <member name="M:Microsoft.Owin.Security.Provider.EndpointContext`1.RequestCompleted">
      <summary>Zapobiega dalszemu przetwarzaniu żądania przez inne składniki.Parametr IsRequestCompleted otrzymuje wartość true po wywołaniu.</summary>
    </member>
    <member name="T:Microsoft.Owin.Security.Provider.ReturnEndpointContext">
      <summary>Reprezentuje zwracany kontekst punktu końcowego.</summary>
    </member>
    <member name="M:Microsoft.Owin.Security.Provider.ReturnEndpointContext.#ctor(Microsoft.Owin.IOwinContext,Microsoft.Owin.Security.AuthenticationTicket)"></member>
    <member name="P:Microsoft.Owin.Security.Provider.ReturnEndpointContext.Identity">
      <summary>Pobiera lub ustawia tożsamość tego kontekstu.</summary>
      <returns>Tożsamość tego kontekstu.</returns>
    </member>
    <member name="P:Microsoft.Owin.Security.Provider.ReturnEndpointContext.Properties"></member>
    <member name="P:Microsoft.Owin.Security.Provider.ReturnEndpointContext.RedirectUri">
      <summary>Pobiera lub ustawia identyfikator URI, który powinien być używany, gdy zwracany jest ten kontekst.</summary>
      <returns>Identyfikator URI, który powinien być używany, gdy zwracany jest ten kontekst.</returns>
    </member>
    <member name="P:Microsoft.Owin.Security.Provider.ReturnEndpointContext.SignInAsAuthenticationType">
      <summary>Pobiera lub ustawia kontekst logujący się jako typ uwierzytelniania.</summary>
      <returns>Kontekst logujący się jako typ uwierzytelniania.</returns>
    </member>
  </members>
</doc>